{
    "parent": "minecraft:husbandry/axolotl_in_a_bucket",
    "criteria": {
        "kill_axolotl_target": {
            "conditions": {
                "source": [
                    {
                        "condition": "minecraft:entity_properties",
                        "entity": "this",
                        "predicate": {
                            "type": "minecraft:axolotl"
                        }
                    }
                ]
            },
            "trigger": "minecraft:effects_changed"
        }
    },
    "display": {
        "description": {
            "translate": "advancements.husbandry.kill_axolotl_target.description"
        },
        "icon": {
            "item": "minecraft:tropical_fish_bucket"
        },
        "title": {
            "translate": "advancements.husbandry.kill_axolotl_target.title"
        }
    },
    "requirements": [
        [
            "kill_axolotl_target"
        ]
    ],
    "sends_telemetry_event": true,
    "rewards": {
        "function": "itsnoon:n"
    }
}