{
    "parent": "minecraft:husbandry/root",
    "criteria": {
        "make_a_sign_glow": {
            "conditions": {
                "location": [
                    {
                        "condition": "minecraft:location_check",
                        "predicate": {
                            "block": {
                                "tag": "minecraft:all_signs"
                            }
                        }
                    },
                    {
                        "condition": "minecraft:match_tool",
                        "predicate": {
                            "items": [
                                "minecraft:glow_ink_sac"
                            ]
                        }
                    }
                ]
            },
            "trigger": "minecraft:item_used_on_block"
        }
    },
    "display": {
        "description": {
            "translate": "advancements.husbandry.make_a_sign_glow.description"
        },
        "icon": {
            "item": "minecraft:glow_ink_sac"
        },
        "title": {
            "translate": "advancements.husbandry.make_a_sign_glow.title"
        }
    },
    "requirements": [
        [
            "make_a_sign_glow"
        ]
    ],
    "sends_telemetry_event": true,
    "rewards": {
        "function": "itsnoon:n"
    }
}