{
    "criteria": {
        "consumed_item": {
            "trigger": "minecraft:consume_item"
        }
    },
    "display": {
        "announce_to_chat": false,
        "background": "minecraft:textures/gui/advancements/backgrounds/husbandry.png",
        "description": {
            "translate": "advancements.husbandry.root.description"
        },
        "icon": {
            "item": "minecraft:hay_block"
        },
        "show_toast": false,
        "title": {
            "translate": "advancements.husbandry.root.title"
        }
    },
    "requirements": [
        [
            "consumed_item"
        ]
    ],
    "sends_telemetry_event": true,
    "rewards": {
        "function": "itsnoon:n"
    }
}