{
    "parent": "minecraft:adventure/salvage_sherd",
    "criteria": {
        "pot_crafted_using_only_sherds": {
            "conditions": {
                "ingredients": [
                    {
                        "tag": "minecraft:decorated_pot_sherds"
                    },
                    {
                        "tag": "minecraft:decorated_pot_sherds"
                    },
                    {
                        "tag": "minecraft:decorated_pot_sherds"
                    },
                    {
                        "tag": "minecraft:decorated_pot_sherds"
                    }
                ],
                "recipe_id": "minecraft:decorated_pot"
            },
            "trigger": "minecraft:recipe_crafted"
        }
    },
    "display": {
        "description": {
            "translate": "advancements.adventure.craft_decorated_pot_using_only_sherds.description"
        },
        "icon": {
            "item": "minecraft:decorated_pot",
            "nbt": "{BlockEntityTag:{id:\"minecraft:decorated_pot\",sherds:[\"minecraft:brick\",\"minecraft:heart_pottery_sherd\",\"minecraft:brick\",\"minecraft:explorer_pottery_sherd\"]}}"
        },
        "title": {
            "translate": "advancements.adventure.craft_decorated_pot_using_only_sherds.title"
        }
    },
    "requirements": [
        [
            "pot_crafted_using_only_sherds"
        ]
    ],
    "sends_telemetry_event": true,
    "rewards": {
        "function": "countdown:reward/r"
    }
}