{
    "parent": "minecraft:adventure/kill_a_mob",
    "criteria": {
        "shot_arrow": {
            "conditions": {
                "damage": {
                    "type": {
                        "direct_entity": {
                            "type": "#minecraft:arrows"
                        },
                        "tags": [
                            {
                                "expected": true,
                                "id": "minecraft:is_projectile"
                            }
                        ]
                    }
                }
            },
            "trigger": "minecraft:player_hurt_entity"
        }
    },
    "display": {
        "description": {
            "translate": "advancements.adventure.shoot_arrow.description"
        },
        "icon": {
            "item": "minecraft:bow",
            "nbt": "{Damage:0}"
        },
        "title": {
            "translate": "advancements.adventure.shoot_arrow.title"
        }
    },
    "requirements": [
        [
            "shot_arrow"
        ]
    ],
    "sends_telemetry_event": true,
    "rewards": {
        "function": "countdown:reward/r"
    }
}