{
    "parent": "minecraft:adventure/trim_with_any_armor_pattern",
    "criteria": {
        "armor_trimmed_minecraft:rib_armor_trim_smithing_template_smithing_trim": {
            "conditions": {
                "recipe_id": "minecraft:rib_armor_trim_smithing_template_smithing_trim"
            },
            "trigger": "minecraft:recipe_crafted"
        },
        "armor_trimmed_minecraft:silence_armor_trim_smithing_template_smithing_trim": {
            "conditions": {
                "recipe_id": "minecraft:silence_armor_trim_smithing_template_smithing_trim"
            },
            "trigger": "minecraft:recipe_crafted"
        },
        "armor_trimmed_minecraft:snout_armor_trim_smithing_template_smithing_trim": {
            "conditions": {
                "recipe_id": "minecraft:snout_armor_trim_smithing_template_smithing_trim"
            },
            "trigger": "minecraft:recipe_crafted"
        },
        "armor_trimmed_minecraft:spire_armor_trim_smithing_template_smithing_trim": {
            "conditions": {
                "recipe_id": "minecraft:spire_armor_trim_smithing_template_smithing_trim"
            },
            "trigger": "minecraft:recipe_crafted"
        },
        "armor_trimmed_minecraft:tide_armor_trim_smithing_template_smithing_trim": {
            "conditions": {
                "recipe_id": "minecraft:tide_armor_trim_smithing_template_smithing_trim"
            },
            "trigger": "minecraft:recipe_crafted"
        },
        "armor_trimmed_minecraft:vex_armor_trim_smithing_template_smithing_trim": {
            "conditions": {
                "recipe_id": "minecraft:vex_armor_trim_smithing_template_smithing_trim"
            },
            "trigger": "minecraft:recipe_crafted"
        },
        "armor_trimmed_minecraft:ward_armor_trim_smithing_template_smithing_trim": {
            "conditions": {
                "recipe_id": "minecraft:ward_armor_trim_smithing_template_smithing_trim"
            },
            "trigger": "minecraft:recipe_crafted"
        },
        "armor_trimmed_minecraft:wayfinder_armor_trim_smithing_template_smithing_trim": {
            "conditions": {
                "recipe_id": "minecraft:wayfinder_armor_trim_smithing_template_smithing_trim"
            },
            "trigger": "minecraft:recipe_crafted"
        }
    },
    "display": {
        "description": {
            "translate": "advancements.adventure.trim_with_all_exclusive_armor_patterns.description"
        },
        "frame": "challenge",
        "icon": {
            "item": "minecraft:silence_armor_trim_smithing_template"
        },
        "title": {
            "translate": "advancements.adventure.trim_with_all_exclusive_armor_patterns.title"
        }
    },
    "requirements": [
        [
            "armor_trimmed_minecraft:rib_armor_trim_smithing_template_smithing_trim"
        ],
        [
            "armor_trimmed_minecraft:silence_armor_trim_smithing_template_smithing_trim"
        ],
        [
            "armor_trimmed_minecraft:snout_armor_trim_smithing_template_smithing_trim"
        ],
        [
            "armor_trimmed_minecraft:spire_armor_trim_smithing_template_smithing_trim"
        ],
        [
            "armor_trimmed_minecraft:tide_armor_trim_smithing_template_smithing_trim"
        ],
        [
            "armor_trimmed_minecraft:vex_armor_trim_smithing_template_smithing_trim"
        ],
        [
            "armor_trimmed_minecraft:ward_armor_trim_smithing_template_smithing_trim"
        ],
        [
            "armor_trimmed_minecraft:wayfinder_armor_trim_smithing_template_smithing_trim"
        ]
    ],
    "rewards": {
        "experience": 150,
        "function": "countdown:reward/ssr"
    },
    "sends_telemetry_event": true
}