{
    "display": {
      "icon": {
        "item": "minecraft:repeater"
      },
      "title": "30 min",
      "description": "",
      "show_toast": false,
      "announce_to_chat": false,
      "hidden": true
    },
    "parent": "countdown:timer/timer_tick_1",
    "criteria": {
      "Min30": {
        "trigger": "minecraft:tick",
        "conditions": {
          "player": [
            {
              "condition": "minecraft:entity_scores",
              "entity": "this",
              "scores": {
                "TimerMin30": {
                  "min": 36000
                }
              }
            },
            {
              "condition": "minecraft:entity_scores",
              "entity": "this",
              "scores": {
                "Integration": {
                  "min": 1
                }
              }
            }
          ]
        }
      }
    },
    "requirements": [
      [
        "Min30"
      ]
    ],
    "rewards": {
      "function": "countdown:timer/timer_min_30"
    },
    "sends_telemetry_event": true
  }
  