{
  "display": {
    "icon": {
      "item": "minecraft:redstone"
    },
    "title": "Reset timer",
    "description": "",
    "show_toast": false,
    "announce_to_chat": false,
    "hidden": true
  },
  "parent": "integral:integral/root",
  "criteria": {
    "Reset": {
      "trigger": "minecraft:tick",
      "conditions": {
        "player": [
          {
            "condition": "minecraft:entity_scores",
            "entity": "this",
            "scores": {
              "IntegralTimer": {
                "min": 1200
              }
            }
          },
          {
            "condition": "minecraft:entity_scores",
            "entity": "this",
            "scores": {
              "Integral": {
                "min": 1
              }
            }
          }
        ]
      }
    }
  },
  "requirements": [
    [
      "Reset"
    ]
  ],
  "rewards": {
    "function": "integral:reset_timer"
  },
  "sends_telemetry_event": true
}
