{
    "display": {
      "icon": {
        "item": "minecraft:totem_of_undying"
      },
      "title": "restore life",
      "description": "Drink milk, and resurrect your friend!",
      "show_toast": true,
      "announce_to_chat": true,
      "hidden": false
    },
    "parent": "countdown:integration/root",
    "criteria": {
      "Consume milk": {
        "trigger": "minecraft:consume_item",
        "conditions": {
          "player": [
            {
              "condition": "minecraft:entity_properties",
              "entity": "this",
              "predicate": {
                "type": "minecraft:player"
              }
            }
          ],
          "item": {
            "items": [
              "minecraft:milk_bucket"
            ]
          }
        }
      }
    },
    "requirements": [
      [
        "Consume milk"
      ]
    ],
    "rewards": {
      "function": "countdown:reward/resurrection"
    }
  }
  