{
    "parent": "countdown:integration/quest/two_birds_one_arrow",
    "criteria": {
        "arbalistic": {
            "conditions": {
                "unique_entity_types": 5
            },
            "trigger": "minecraft:killed_by_crossbow"
        }
    },
    "display": {
        "description": {
            "translate": "advancements.adventure.arbalistic.description"
        },
        "frame": "challenge",
        "hidden": true,
        "icon": {
            "item": "minecraft:crossbow",
            "nbt": "{Damage:0}"
        },
        "title": {
            "translate": "advancements.adventure.arbalistic.title"
        }
    },
    "requirements": [
        [
            "arbalistic"
        ]
    ],
    "rewards": {
        "function": "countdown:reward/q"
    },
    "sends_telemetry_event": true
}