{
    "parent": "minecraft:story/mine_diamond",
    "criteria": {
        "enchanted_item": {
            "trigger": "minecraft:enchanted_item"
        }
    },
    "display": {
        "description": {
            "translate": "advancements.story.enchant_item.description"
        },
        "icon": {
            "item": "minecraft:enchanted_book"
        },
        "title": {
            "translate": "advancements.story.enchant_item.title"
        }
    },
    "requirements": [
        [
            "enchanted_item"
        ]
    ],
    "sends_telemetry_event": true,
    "rewards": {
        "function": "countdown:reward/r"
    }
}