{
    "parent": "minecraft:story/mine_diamond",
    "criteria": {
        "diamond_boots": {
            "conditions": {
                "items": [
                    {
                        "items": [
                            "minecraft:diamond_boots"
                        ]
                    }
                ]
            },
            "trigger": "minecraft:inventory_changed"
        },
        "diamond_chestplate": {
            "conditions": {
                "items": [
                    {
                        "items": [
                            "minecraft:diamond_chestplate"
                        ]
                    }
                ]
            },
            "trigger": "minecraft:inventory_changed"
        },
        "diamond_helmet": {
            "conditions": {
                "items": [
                    {
                        "items": [
                            "minecraft:diamond_helmet"
                        ]
                    }
                ]
            },
            "trigger": "minecraft:inventory_changed"
        },
        "diamond_leggings": {
            "conditions": {
                "items": [
                    {
                        "items": [
                            "minecraft:diamond_leggings"
                        ]
                    }
                ]
            },
            "trigger": "minecraft:inventory_changed"
        }
    },
    "display": {
        "description": {
            "translate": "advancements.story.shiny_gear.description"
        },
        "icon": {
            "item": "minecraft:diamond_chestplate",
            "nbt": "{Damage:0}"
        },
        "title": {
            "translate": "advancements.story.shiny_gear.title"
        }
    },
    "requirements": [
        [
            "diamond_helmet",
            "diamond_chestplate",
            "diamond_leggings",
            "diamond_boots"
        ]
    ],
    "sends_telemetry_event": true,
    "rewards": {
        "function": "countdown:reward/r"
    }
}