{
    "parent": "minecraft:nether/brew_potion",
    "criteria": {
        "all_effects": {
            "conditions": {
                "effects": {
                    "minecraft:fire_resistance": {},
                    "minecraft:invisibility": {},
                    "minecraft:jump_boost": {},
                    "minecraft:night_vision": {},
                    "minecraft:poison": {},
                    "minecraft:regeneration": {},
                    "minecraft:resistance": {},
                    "minecraft:slow_falling": {},
                    "minecraft:slowness": {},
                    "minecraft:speed": {},
                    "minecraft:strength": {},
                    "minecraft:water_breathing": {},
                    "minecraft:weakness": {}
                }
            },
            "trigger": "minecraft:effects_changed"
        }
    },
    "display": {
        "description": {
            "translate": "advancements.nether.all_potions.description"
        },
        "frame": "challenge",
        "icon": {
            "item": "minecraft:milk_bucket"
        },
        "title": {
            "translate": "advancements.nether.all_potions.title"
        }
    },
    "requirements": [
        [
            "all_effects"
        ]
    ],
    "rewards": {
        "experience": 100,
        "function": "countdown:reward/ssr"
    },
    "sends_telemetry_event": true
}