{
    "parent": "minecraft:nether/root",
    "criteria": {
        "ancient_debris": {
            "conditions": {
                "items": [
                    {
                        "items": [
                            "minecraft:ancient_debris"
                        ]
                    }
                ]
            },
            "trigger": "minecraft:inventory_changed"
        }
    },
    "display": {
        "description": {
            "translate": "advancements.nether.obtain_ancient_debris.description"
        },
        "icon": {
            "item": "minecraft:ancient_debris"
        },
        "title": {
            "translate": "advancements.nether.obtain_ancient_debris.title"
        }
    },
    "requirements": [
        [
            "ancient_debris"
        ]
    ],
    "sends_telemetry_event": true,
    "rewards": {
        "function": "countdown:reward/r"
    }
}