{
    "parent": "minecraft:nether/root",
    "criteria": {
        "killed_ghast": {
            "conditions": {
                "entity": [
                    {
                        "condition": "minecraft:entity_properties",
                        "entity": "this",
                        "predicate": {
                            "type": "minecraft:ghast"
                        }
                    }
                ],
                "killing_blow": {
                    "direct_entity": {
                        "type": "minecraft:fireball"
                    },
                    "tags": [
                        {
                            "expected": true,
                            "id": "minecraft:is_projectile"
                        }
                    ]
                }
            },
            "trigger": "minecraft:player_killed_entity"
        }
    },
    "display": {
        "description": {
            "translate": "advancements.nether.return_to_sender.description"
        },
        "frame": "challenge",
        "icon": {
            "item": "minecraft:fire_charge"
        },
        "title": {
            "translate": "advancements.nether.return_to_sender.title"
        }
    },
    "requirements": [
        [
            "killed_ghast"
        ]
    ],
    "rewards": {
        "experience": 50,
        "function": "countdown:reward/ssr"
    },
    "sends_telemetry_event": true
}