{
    "parent": "minecraft:adventure/root",
    "criteria": {
        "honey_block_slide": {
            "conditions": {
                "block": "minecraft:honey_block"
            },
            "trigger": "minecraft:slide_down_block"
        }
    },
    "display": {
        "description": {
            "translate": "advancements.adventure.honey_block_slide.description"
        },
        "icon": {
            "item": "minecraft:honey_block"
        },
        "title": {
            "translate": "advancements.adventure.honey_block_slide.title"
        }
    },
    "requirements": [
        [
            "honey_block_slide"
        ]
    ],
    "sends_telemetry_event": true,
    "rewards": {
        "function": "itsnoon:n"
    }
}