{
    "parent": "minecraft:adventure/sleep_in_bed",
    "criteria": {
        "play_jukebox_in_meadows": {
            "conditions": {
                "location": [
                    {
                        "condition": "minecraft:location_check",
                        "predicate": {
                            "biome": "minecraft:meadow",
                            "block": {
                                "blocks": [
                                    "minecraft:jukebox"
                                ]
                            }
                        }
                    },
                    {
                        "condition": "minecraft:match_tool",
                        "predicate": {
                            "tag": "minecraft:music_discs"
                        }
                    }
                ]
            },
            "trigger": "minecraft:item_used_on_block"
        }
    },
    "display": {
        "description": {
            "translate": "advancements.adventure.play_jukebox_in_meadows.description"
        },
        "icon": {
            "item": "minecraft:jukebox"
        },
        "title": {
            "translate": "advancements.adventure.play_jukebox_in_meadows.title"
        }
    },
    "requirements": [
        [
            "play_jukebox_in_meadows"
        ]
    ],
    "sends_telemetry_event": true,
    "rewards": {
        "function": "itsnoon:n"
    }
}