{
    "parent": "minecraft:adventure/root",
    "criteria": {
        "spyglass_at_parrot": {
            "conditions": {
                "item": {
                    "items": [
                        "minecraft:spyglass"
                    ]
                },
                "player": [
                    {
                        "condition": "minecraft:entity_properties",
                        "entity": "this",
                        "predicate": {
                            "type_specific": {
                                "type": "player",
                                "looking_at": {
                                    "type": "minecraft:parrot"
                                }
                            }
                        }
                    }
                ]
            },
            "trigger": "minecraft:using_item"
        }
    },
    "display": {
        "description": {
            "translate": "advancements.adventure.spyglass_at_parrot.description"
        },
        "icon": {
            "item": "minecraft:spyglass"
        },
        "title": {
            "translate": "advancements.adventure.spyglass_at_parrot.title"
        }
    },
    "requirements": [
        [
            "spyglass_at_parrot"
        ]
    ],
    "sends_telemetry_event": true,
    "rewards": {
        "function": "itsnoon:n"
    }
}