{
    "parent": "minecraft:adventure/root",
    "criteria": {
        "voluntary_exile": {
            "conditions": {
                "entity": [
                    {
                        "condition": "minecraft:entity_properties",
                        "entity": "this",
                        "predicate": {
                            "type": "#minecraft:raiders",
                            "equipment": {
                                "head": {
                                    "items": [
                                        "minecraft:white_banner"
                                    ],
                                    "nbt": "{BlockEntityTag:{Patterns:[{Color:9,Pattern:\"mr\"},{Color:8,Pattern:\"bs\"},{Color:7,Pattern:\"cs\"},{Color:8,Pattern:\"bo\"},{Color:15,Pattern:\"ms\"},{Color:8,Pattern:\"hh\"},{Color:8,Pattern:\"mc\"},{Color:15,Pattern:\"bo\"}],id:\"minecraft:banner\"},HideFlags:32,display:{Name:'{\"translate\":\"block.minecraft.ominous_banner\",\"color\":\"gold\"}'}}"
                                }
                            }
                        }
                    }
                ]
            },
            "trigger": "minecraft:player_killed_entity"
        }
    },
    "display": {
        "description": {
            "translate": "advancements.adventure.voluntary_exile.description"
        },
        "hidden": true,
        "icon": {
            "item": "minecraft:white_banner",
            "nbt": "{BlockEntityTag:{Patterns:[{Color:9,Pattern:\"mr\"},{Color:8,Pattern:\"bs\"},{Color:7,Pattern:\"cs\"},{Color:8,Pattern:\"bo\"},{Color:15,Pattern:\"ms\"},{Color:8,Pattern:\"hh\"},{Color:8,Pattern:\"mc\"},{Color:15,Pattern:\"bo\"}],id:\"minecraft:banner\"},HideFlags:32,display:{Name:'{\"translate\":\"block.minecraft.ominous_banner\",\"color\":\"gold\"}'}}"
        },
        "title": {
            "translate": "advancements.adventure.voluntary_exile.title"
        }
    },
    "requirements": [
        [
            "voluntary_exile"
        ]
    ],
    "sends_telemetry_event": true,
    "rewards": {
        "function": "itsnoon:n"
    }
}