{
    "parent": "minecraft:adventure/ol_betsy",
    "criteria": {
        "kill_pillager": {
            "conditions": {
                "victims": [
                    [
                        {
                            "condition": "minecraft:entity_properties",
                            "entity": "this",
                            "predicate": {
                                "type": "minecraft:pillager"
                            }
                        }
                    ]
                ]
            },
            "trigger": "minecraft:killed_by_crossbow"
        }
    },
    "display": {
        "description": {
            "translate": "advancements.adventure.whos_the_pillager_now.description"
        },
        "icon": {
            "item": "minecraft:crossbow",
            "nbt": "{Damage:0}"
        },
        "title": {
            "translate": "advancements.adventure.whos_the_pillager_now.title"
        }
    },
    "requirements": [
        [
            "kill_pillager"
        ]
    ],
    "sends_telemetry_event": true,
    "rewards": {
        "function": "itsnoon:n"
    }
}