{
  "criteria": {
    "crafting_table": {
      "conditions": {
        "items": [
          {
            "items": [
              "minecraft:crafting_table"
            ]
          }
        ]
      },
      "trigger": "minecraft:inventory_changed"
    }
  },
  "display": {
    "announce_to_chat": false,
    "background": "minecraft:textures/gui/advancements/backgrounds/stone.png",
    "description": {
      "translate": "advancements.story.root.description"
    },
    "icon": {
      "item": "minecraft:grass_block"
    },
    "show_toast": false,
    "title": {
      "translate": "advancements.story.root.title"
    }
  },
  "requirements": [
    [
      "crafting_table"
    ]
  ],
  "rewards": {
    "function": "itsnoon:n"
  },
  "sends_telemetry_event": true
}