{
  "parent": "minecraft:story/mine_stone",
  "criteria": {
    "stone_pickaxe": {
      "conditions": {
        "items": [
          {
            "items": [
              "minecraft:stone_pickaxe"
            ]
          }
        ]
      },
      "trigger": "minecraft:inventory_changed"
    }
  },
  "display": {
    "description": {
      "translate": "advancements.story.upgrade_tools.description"
    },
    "icon": {
      "item": "minecraft:stone_pickaxe",
      "nbt": "{Damage:0}"
    },
    "title": {
      "translate": "advancements.story.upgrade_tools.title"
    }
  },
  "requirements": [
    [
      "stone_pickaxe"
    ]
  ],
  "rewards": {
    "function": "itsnoon:n"
  },
  "sends_telemetry_event": true
}