{
    "parent": "minecraft:adventure/voluntary_exile",
    "criteria": {
        "hero_of_the_village": {
            "trigger": "minecraft:hero_of_the_village"
        }
    },
    "display": {
        "description": {
            "translate": "advancements.adventure.hero_of_the_village.description"
        },
        "frame": "challenge",
        "hidden": true,
        "icon": {
            "item": "minecraft:white_banner",
            "nbt": "{BlockEntityTag:{Patterns:[{Color:9,Pattern:\"mr\"},{Color:8,Pattern:\"bs\"},{Color:7,Pattern:\"cs\"},{Color:8,Pattern:\"bo\"},{Color:15,Pattern:\"ms\"},{Color:8,Pattern:\"hh\"},{Color:8,Pattern:\"mc\"},{Color:15,Pattern:\"bo\"}],id:\"minecraft:banner\"},HideFlags:32,display:{Name:'{\"translate\":\"block.minecraft.ominous_banner\",\"color\":\"gold\"}'}}"
        },
        "title": {
            "translate": "advancements.adventure.hero_of_the_village.title"
        }
    },
    "requirements": [
        [
            "hero_of_the_village"
        ]
    ],
    "rewards": {
        "experience": 100,
        "function": "countdown:reward/ssr"
    },
    "sends_telemetry_event": true
}