{
    "parent": "minecraft:adventure/root",
    "criteria": {
        "shot_crossbow": {
            "conditions": {
                "item": {
                    "items": [
                        "minecraft:crossbow"
                    ]
                }
            },
            "trigger": "minecraft:shot_crossbow"
        }
    },
    "display": {
        "description": {
            "translate": "advancements.adventure.ol_betsy.description"
        },
        "icon": {
            "item": "minecraft:crossbow",
            "nbt": "{Damage:0}"
        },
        "title": {
            "translate": "advancements.adventure.ol_betsy.title"
        }
    },
    "requirements": [
        [
            "shot_crossbow"
        ]
    ],
    "sends_telemetry_event": true,
    "rewards": {
        "function": "countdown:reward/r"
    }
}