{
    "display": {
      "icon": {
        "item": "minecraft:feather"
      },
      "title": "Eliminate player",
      "description": "",
      "show_toast": false,
      "announce_to_chat": false,
      "hidden": true
    },
    "parent": "integral:integral/root",
    "criteria": {
      "Eliminate": {
        "trigger": "minecraft:tick",
        "conditions": {
          "player": [
            {
              "condition": "minecraft:entity_scores",
              "entity": "this",
              "scores": {
                "Integral": 0
              }
            }
          ]
        }
      }
    },
    "requirements": [
      [
        "Eliminate"
      ]
    ],
    "rewards": {
      "function": "integral:eliminate"
    },
    "sends_telemetry_event": true
  }
  