{
    "parent": "countdown:integration/root",
    "criteria": {
        "cured_zombie": {
            "trigger": "minecraft:cured_zombie_villager"
        }
    },
    "display": {
        "description": {
            "translate": "advancements.story.cure_zombie_villager.description"
        },
        "frame": "goal",
        "icon": {
            "item": "minecraft:golden_apple"
        },
        "title": {
            "translate": "advancements.story.cure_zombie_villager.title"
        }
    },
    "requirements": [
        [
            "cured_zombie"
        ]
    ],
    "sends_telemetry_event": true,
    "rewards": {
        "function": "countdown:reward/q"
    }
}