{
    "display": {
      "icon": {
        "item": "minecraft:pufferfish"
      },
      "title": "Fished Pufferfish",
      "description": "Fetch Integration",
      "show_toast": false,
      "announce_to_chat": false,
      "hidden": false
    },
    "parent": "countdown:integration/root",
    "criteria": {
      "Fished Pufferfish": {
        "trigger": "minecraft:fishing_rod_hooked",
        "conditions": {
          "player": [
            {
              "condition": "minecraft:entity_properties",
              "entity": "this",
              "predicate": {
                "type": "minecraft:player"
              }
            }
          ],
          "entity": [],
          "item": {
            "items": [
              "minecraft:pufferfish"
            ],
            "count": 1
          }
        }
      }
    },
    "requirements": [
      [
        "Fished Pufferfish"
      ]
    ],
    "rewards": {
      "function": "countdown:reward/q"
    }
  }
  