{
    "parent": "countdown:integration/root",
    "criteria": {
        "killed_skeleton": {
            "conditions": {
                "entity": [
                    {
                        "condition": "minecraft:entity_properties",
                        "entity": "this",
                        "predicate": {
                            "type": "minecraft:skeleton",
                            "distance": {
                                "horizontal": {
                                    "min": 50.0
                                }
                            }
                        }
                    }
                ],
                "killing_blow": {
                    "tags": [
                        {
                            "expected": true,
                            "id": "minecraft:is_projectile"
                        }
                    ]
                }
            },
            "trigger": "minecraft:player_killed_entity"
        }
    },
    "display": {
        "description": {
            "translate": "advancements.adventure.sniper_duel.description"
        },
        "frame": "challenge",
        "icon": {
            "item": "minecraft:arrow"
        },
        "title": {
            "translate": "advancements.adventure.sniper_duel.title"
        }
    },
    "requirements": [
        [
            "killed_skeleton"
        ]
    ],
    "rewards": {
        "function": "countdown:reward/q"
    },
    "sends_telemetry_event": true
}