{
    "parent": "countdown:integration/root",
    "criteria": {
        "two_birds": {
            "conditions": {
                "victims": [
                    [
                        {
                            "condition": "minecraft:entity_properties",
                            "entity": "this",
                            "predicate": {
                                "type": "minecraft:phantom"
                            }
                        }
                    ],
                    [
                        {
                            "condition": "minecraft:entity_properties",
                            "entity": "this",
                            "predicate": {
                                "type": "minecraft:phantom"
                            }
                        }
                    ]
                ]
            },
            "trigger": "minecraft:killed_by_crossbow"
        }
    },
    "display": {
        "description": {
            "translate": "advancements.adventure.two_birds_one_arrow.description"
        },
        "frame": "challenge",
        "icon": {
            "item": "minecraft:crossbow",
            "nbt": "{Damage:0}"
        },
        "title": {
            "translate": "advancements.adventure.two_birds_one_arrow.title"
        }
    },
    "requirements": [
        [
            "two_birds"
        ]
    ],
    "rewards": {
        "function": "countdown:reward/q"
    },
    "sends_telemetry_event": true
}