{
    "parent": "countdown:integration/root",
    "criteria": {
        "killed_ghast": {
            "conditions": {
                "entity": [
                    {
                        "condition": "minecraft:entity_properties",
                        "entity": "this",
                        "predicate": {
                            "type": "minecraft:ghast",
                            "location": {
                                "dimension": "minecraft:overworld"
                            }
                        }
                    }
                ]
            },
            "trigger": "minecraft:player_killed_entity"
        }
    },
    "display": {
        "description": {
            "translate": "advancements.nether.uneasy_alliance.description"
        },
        "frame": "challenge",
        "icon": {
            "item": "minecraft:ghast_tear"
        },
        "title": {
            "translate": "advancements.nether.uneasy_alliance.title"
        }
    },
    "requirements": [
        [
            "killed_ghast"
        ]
    ],
    "rewards": {
        "function": "countdown:reward/q"
    },
    "sends_telemetry_event": true
}