{
    "parent": "minecraft:husbandry/plant_seed",
    "criteria": {
        "netherite_hoe": {
            "conditions": {
                "items": [
                    {
                        "items": [
                            "minecraft:netherite_hoe"
                        ]
                    }
                ]
            },
            "trigger": "minecraft:inventory_changed"
        }
    },
    "display": {
        "description": {
            "translate": "advancements.husbandry.netherite_hoe.description"
        },
        "frame": "challenge",
        "icon": {
            "item": "minecraft:netherite_hoe",
            "nbt": "{Damage:0}"
        },
        "title": {
            "translate": "advancements.husbandry.netherite_hoe.title"
        }
    },
    "requirements": [
        [
            "netherite_hoe"
        ]
    ],
    "rewards": {
        "experience": 100,
        "function": "countdown:reward/r"
    },
    "sends_telemetry_event": true
}