{
    "parent": "minecraft:nether/root",
    "criteria": {
        "travelled": {
            "conditions": {
                "distance": {
                    "horizontal": {
                        "min": 7000.0
                    }
                }
            },
            "trigger": "minecraft:nether_travel"
        }
    },
    "display": {
        "description": {
            "translate": "advancements.nether.fast_travel.description"
        },
        "frame": "challenge",
        "icon": {
            "item": "minecraft:map"
        },
        "title": {
            "translate": "advancements.nether.fast_travel.title"
        }
    },
    "requirements": [
        [
            "travelled"
        ]
    ],
    "rewards": {
        "experience": 100,
        "function": "itsnoon:ssr"
    },
    "sends_telemetry_event": true
}