{
    "parent": "minecraft:nether/root",
    "criteria": {
        "bastion": {
            "conditions": {
                "player": [
                    {
                        "condition": "minecraft:entity_properties",
                        "entity": "this",
                        "predicate": {
                            "location": {
                                "structure": "minecraft:bastion_remnant"
                            }
                        }
                    }
                ]
            },
            "trigger": "minecraft:location"
        }
    },
    "display": {
        "description": {
            "translate": "advancements.nether.find_bastion.description"
        },
        "icon": {
            "item": "minecraft:polished_blackstone_bricks"
        },
        "title": {
            "translate": "advancements.nether.find_bastion.title"
        }
    },
    "requirements": [
        [
            "bastion"
        ]
    ],
    "sends_telemetry_event": true,
    "rewards": {
        "function": "itsnoon:n"
    }
}