{
    "parent": "minecraft:nether/root",
    "criteria": {
        "used_warped_fungus_on_a_stick": {
            "conditions": {
                "item": {
                    "items": [
                        "minecraft:warped_fungus_on_a_stick"
                    ]
                },
                "player": [
                    {
                        "condition": "minecraft:entity_properties",
                        "entity": "this",
                        "predicate": {
                            "vehicle": {
                                "type": "minecraft:strider"
                            }
                        }
                    }
                ]
            },
            "trigger": "minecraft:item_durability_changed"
        }
    },
    "display": {
        "description": {
            "translate": "advancements.nether.ride_strider.description"
        },
        "icon": {
            "item": "minecraft:warped_fungus_on_a_stick",
            "nbt": "{Damage:0}"
        },
        "title": {
            "translate": "advancements.nether.ride_strider.title"
        }
    },
    "requirements": [
        [
            "used_warped_fungus_on_a_stick"
        ]
    ],
    "sends_telemetry_event": true,
    "rewards": {
        "function": "itsnoon:n"
    }
}