{
    "parent": "minecraft:story/follow_ender_eye",
    "criteria": {
        "entered_end": {
            "conditions": {
                "to": "minecraft:the_end"
            },
            "trigger": "minecraft:changed_dimension"
        }
    },
    "display": {
        "description": {
            "translate": "advancements.story.enter_the_end.description"
        },
        "icon": {
            "item": "minecraft:end_stone"
        },
        "title": {
            "translate": "advancements.story.enter_the_end.title"
        }
    },
    "requirements": [
        [
            "entered_end"
        ]
    ],
    "sends_telemetry_event": true,
    "rewards": {
        "function": "countdown:reward/r"
    }
}