{
    "parent": "minecraft:story/enter_the_nether",
    "criteria": {
        "in_stronghold": {
            "conditions": {
                "player": [
                    {
                        "condition": "minecraft:entity_properties",
                        "entity": "this",
                        "predicate": {
                            "location": {
                                "structure": "minecraft:stronghold"
                            }
                        }
                    }
                ]
            },
            "trigger": "minecraft:location"
        }
    },
    "display": {
        "description": {
            "translate": "advancements.story.follow_ender_eye.description"
        },
        "icon": {
            "item": "minecraft:ender_eye"
        },
        "title": {
            "translate": "advancements.story.follow_ender_eye.title"
        }
    },
    "requirements": [
        [
            "in_stronghold"
        ]
    ],
    "sends_telemetry_event": true,
    "rewards": {
        "function": "countdown:reward/r"
    }
}