{
    "display": {
      "icon": {
        "item": "minecraft:glass"
      },
      "title": "6sec",
      "description": "",
      "show_toast": false,
      "announce_to_chat": false,
      "hidden": true
    },
    "parent": "countdown:timer/timer_tick_1",
    "criteria": {
      "Timer Sec 6": {
        "trigger": "minecraft:slept_in_bed",
        "conditions": {
          "player": [
            {
              "condition": "minecraft:entity_properties",
              "entity": "this",
              "predicate": {
                "type": "minecraft:player"
              }
            }
          ]
        }
      }
    },
    "requirements": [
      [
        "Timer Sec 6"
      ]
    ],
    "rewards": {
      "function": "gender_offspring:timer/timer_sec_6"
    }
  }
  