{
    "display": {
      "icon": {
        "item": "minecraft:experience_bottle"
      },
      "title": "Level 90",
      "description": "",
      "show_toast": false,
      "announce_to_chat": false,
      "hidden": false
    },
    "parent": "countdown:integration/level/level_80",
    "criteria": {
      "Level 90": {
        "trigger": "minecraft:tick",
        "conditions": {
          "player": [
            {
              "condition": "minecraft:entity_properties",
              "entity": "this",
              "predicate": {
                "type": "minecraft:player",
                "type_specific": {
                  "type": "player",
                  "level": 90
                }
              }
            }
          ]
        }
      }
    },
    "requirements": [
      [
        "Level 90"
      ]
    ],
    "rewards": {
      "function": "countdown:reward/level/level_up_90"
    }
  }
  